{
  "link_routing": "manhattan",
  "packaging": {
    "link_latency_type": "function",
    "link_latency": "lambda L: 0.0*L"
  },
  "chiplets": [
    {
      "stack_id": 0,
      "x": 0.0,
      "y": 0.0,
      "w": 62.625873247404705,
      "h": 62.625873247404705,
      "rotation": 0,
      "n_core": 81,
      "aib_ports": {
        "east": {"x": 62.625873247404705, "y": 31.312936623702353},
        "west": {"x": 0.0, "y": 31.312936623702353},
        "north": {"x": 31.312936623702353, "y": 62.625873247404705},
        "south": {"x": 31.312936623702353, "y": 0.0}
      }
    },
    {
      "stack_id": 1,
      "x": 72.6258732474047,
      "y": 0.0,
      "w": 62.625873247404705,
      "h": 62.625873247404705,
      "rotation": 0,
      "n_core": 81,
      "aib_ports": {
        "east": {"x": 62.625873247404705, "y": 31.312936623702353},
        "west": {"x": 0.0, "y": 31.312936623702353},
        "north": {"x": 31.312936623702353, "y": 62.625873247404705},
        "south": {"x": 31.312936623702353, "y": 0.0}
      }
    }
  ]
}
